Trial number, Nucleation X, Nucleation Y, Min Loss 
0,0.0,0.0,0.06054086
0,0.0,0.3333333333333333,0.06738218
0,0.0,0.6666666666666666,0.050981473
0,0.3333333333333333,0.0,0.0046500843
0,0.3333333333333333,0.3333333333333333,0.0030932825
0,0.3333333333333333,0.6666666666666666,0.01131707
0,0.6666666666666666,0.0,0.05998811
0,0.6666666666666666,0.3333333333333333,0.0024603698
0,0.6666666666666666,0.6666666666666666,0.0015918157
