,hard/lena.png,hard/arch.png,hard/water.png,hard/rose.png,hard/pills.png,hard/peppers.png,
hard/lena.png,276.1822217,302.1954416,264.0167768,369.8128881,363.9315542,304.8942215,313.5055173
hard/arch.png,306.2840963,365.3462997,267.5056982,347.486799,401.0900995,323.1954981,335.1514151
hard/water.png,301.2866655,294.2007754,227.4694437,301.9759999,339.842887,296.1483323,293.4873506
hard/rose.png,349.1288884,363.0665549,313.9976642,391.9852213,375.1552183,336.5022207,354.972628
hard/pills.png,400.3645544,376.8584434,367.5562211,406.4199998,399.1749988,413.6083325,393.9970917
hard/peppers.png,302.7575548,313.6051099,298.372332,310.5784438,424.4255536,271.5726659,320.21861
,322.6673302,335.8787708,289.8196893,354.709892,383.9367186,324.3202118,
